run,policy,scenario,ttt,center_ttt,improvement,improvement_pct,passes,fallbacks
return_canonical_b2,return_mc_v1 (Codex model),sweet_155_w,3272.9055344510407,3101.4778926950567,-171.42764175598404,-5.527288850252628,False,2
return_canonical_b2,return_mc_v1 (Codex model),sweet_170_w,4498.589110674243,3934.6182377626324,-563.9708729116105,-14.333560178694869,False,2
return_canonical_b2,return_mc_v1 (Codex model),sweet_170_incident_w,6048.639832711838,5546.224358313904,-502.4154743979334,-9.058693661478053,False,2
return_canonical_b2,return_mc_v1 (Codex model),sweet_170_skew15_w,4419.073567365916,4244.34789709013,-174.7256702757859,-4.116667024293074,False,3
return_canonical_b2,return_mc_v1 (Codex model),sweet_190_w,6699.71697017048,6593.685996544476,-106.03097362600329,-1.6080682895965999,False,2
canonical_b1_run1,B1 latched-return perimeter bind,sweet_155_w,3047.6458727837307,3101.4778926950567,53.832019911325915,1.7356892995470654,True,6
canonical_b1_run1,B1 latched-return perimeter bind,sweet_170_w,4181.56812235315,3934.6182377626324,-246.94988459051774,-6.276336601615065,False,6
canonical_b1_run1,B1 latched-return perimeter bind,sweet_170_incident_w,5683.356414679126,5546.224358313904,-137.13205636522162,-2.472529914150657,False,5
canonical_b1_run1,B1 latched-return perimeter bind,sweet_170_skew15_w,4147.720078222679,4244.34789709013,96.62781886745051,2.2766234345138696,True,5
canonical_b1_run1,B1 latched-return perimeter bind,sweet_190_w,7441.973139930229,6593.685996544476,-848.2871433857526,-12.86514316620947,False,4
canonical_null_check2,null actor (evaluator validation),sweet_170_skew15_w,4244.34789709013,4244.34789709013,0.0,0.0,False,2
