scenario,seed,multipliers,carry_ttt,freeway_ttt,urban_ttt,fallback_steps,peak_urban_queue,peak_boundary_queue,peak_ramp_queue
sweet_155_w,8101,0.988578;0.987494;1.011519,3293.1514977083843,1776.485368024836,1516.6661296835482,2;15;16,939.9804365989123,395.58498337715537,22.761916270675876
sweet_155_w,8401,0.993618;0.983365;0.98053,2967.3163362510104,1892.2192619375253,1075.097074313485,2;15;16,297.6406728979362,93.15298365356827,27.235846895512683
sweet_155_w,8501,0.992413;0.984072;1.006305,3008.4268487153213,1868.487403175625,1139.939445539696,2;5;15,342.1531923968971,81.06567299706936,15.944844914305683
sweet_155_w,8701,0.996079;1.018346;0.999433,3141.8528746312377,1813.1184560236052,1328.7344186076325,2;15,664.7552867176935,208.38389654289787,17.352615184879973
sweet_155_w,8801,1.000024;0.984564;0.988012,3118.369599765767,1838.466486331518,1279.9031134342492,2;4;6;15;16,630.0054023996664,174.03463535201635,115.19600810045048
sweet_170_incident_w,8103,0.990703;0.98055;0.988408,5772.08511018681,3422.903178328495,2349.1819318583152,2;15,1749.6645170715192,888.9744604596128,191.66666666666666
sweet_170_incident_w,8403,1.018233;1.016405;1.014873,6082.473114750753,4023.7622883511945,2058.7108263995583,2;7;15,1380.6597592162482,579.1354706354722,586.6001342444398
sweet_170_incident_w,8503,0.991343;0.996343;1.018993,5798.393421180555,3824.0191856436168,1974.3742355369386,2;5;15;16,1317.3044567449947,577.7397976179329,501.68717760278497
sweet_170_incident_w,8703,1.018713;1.002798;1.019415,6064.946147276036,3669.050657937344,2395.8954893386913,2;15;17,1698.7245292991543,743.4850876228664,546.8387195851491
sweet_170_incident_w,8803,1.014251;1.007262;1.013113,5996.860524831128,3878.28964826169,2118.5708765694376,2;15,1686.8569922128727,786.8909709500874,496.96021931191393
sweet_170_skew15_w,8104,0.981616;1.017654;0.985812,4272.109258780187,2074.0845049028458,2198.0247538773415,2;15,1659.5940081806543,781.350677703664,203.99922341775715
sweet_170_skew15_w,8404,0.997127;0.988555;0.997907,4068.8276234593013,2271.348847089633,1797.4787763696684,2;15;16,1214.2934995941316,555.3330580258062,526.1513273675519
sweet_170_skew15_w,8504,0.986103;0.980428;1.011532,4269.974054906601,1951.8952749521318,2318.0787799544696,2;15,1904.275112155616,1020.1106829618532,24.140800538789186
sweet_170_skew15_w,8704,0.990011;1.019525;0.993837,4164.606307736705,2290.8167889901097,1873.7895187465956,2;15,1222.1086971395855,594.8075803570111,485.37881132727455
sweet_170_skew15_w,8804,1.01831;1.006986;0.989064,4418.333625943078,2683.399717039674,1734.9339089034033,2;15,1066.7254879294653,417.20676112685413,586.8017173752141
sweet_170_w,8102,1.019634;0.987907;0.997012,4208.493969702977,2465.774683832126,1742.7192858708506,2;4;15;16,1107.9923773649955,430.8360800635007,635.3822914037776
sweet_170_w,8202,0.992366;1.01999;1.00892,4523.546678550974,2204.1796056574203,2319.3670728935535,2;15,1840.7356833269848,1084.2973981619152,108.78341499200683
sweet_170_w,8402,1.007534;1.015657;1.013997,4503.372076898446,2356.7799565833834,2146.5921203150624,2;15;16,1644.5505545505948,771.7568437798674,308.0930010451261
sweet_170_w,8502,0.998567;0.986989;0.994691,4300.193461954603,2229.0812197715895,2071.1122421830128,2;15,1540.2252861649529,747.1555665741807,105.642821572895
sweet_170_w,8702,1.001592;1.015864;1.013892,4265.859848414038,2237.1554186941926,2028.7044297198456,2;15;17,1502.4029930089966,683.3992433886444,374.05588633332064
sweet_170_w,8802,1.010248;1.01894;0.982269,4587.347295111231,1937.8045646296757,2649.542730481555,2;15;17,2198.742763040132,1142.847929851235,23.844754885327152
sweet_190_w,8105,1.014055;0.984274;0.997128,6734.310993666229,3298.4984260124897,3435.812567653739,2;15,2612.728811271997,1230.6965515657785,720.0
sweet_190_w,8405,0.989182;0.988727;1.015113,6815.532560286012,2572.189051123437,4243.343509162575,2;15,3355.2575914969007,1623.5447930651144,207.7406061571953
sweet_190_w,8505,0.987456;1.005344;1.004528,6444.228780253492,2539.671357505135,3904.557422748357,2;9;15,3069.414806119881,1430.9040640072358,348.9771494043737
sweet_190_w,8605,1.003168;1.014235;1.011107,7171.00646533273,2617.806551151368,4553.199914181362,2;15;16,3597.1935388488605,1627.9308421360372,202.49214751143253
sweet_190_w,8705,0.997506;0.982878;1.019571,6847.329504795417,3019.31067955622,3828.018825239197,2;9;15,2942.5192365165935,1303.9134263969556,720.0
sweet_190_w,8805,0.99738;0.988272;0.985415,6722.940951295352,2722.8761158078046,4000.0648354875475,2;4;15;16,3067.651460880472,1436.318303269083,681.3045114392712
