seed,scenario,response_contract,checkpoint_response_contract,steps,final_time_sec,total_ttt,throughput_veh,peak_ttt,recovery_ttt,validity_pass,support_out_fraction,adapter_max_linear_abs_error,adapter_max_quadratic_abs_error,D_offset_disabled_steps,F_offset_disabled_steps,vsl_price_cost_spread_mean,vsl_smoothness_cost_spread_mean,vsl_trust_fallback_fraction,priced_segment_variation_max
0,sweet_155_w60,rl_pstack_b13_full_segment_vsl_certificate_v3,rl_pstack_b13_full_segment_vsl_certificate_v3,75,14400.0,2975.1762490043866,31332.428693089365,1819.5186524942706,1155.657596510116,True,0.0021333333333333334,0.0,0.0,0,0,0.0,0.0,0.0,0.0
0,sweet_170_incident_w60,rl_pstack_b13_full_segment_vsl_certificate_v3,rl_pstack_b13_full_segment_vsl_certificate_v3,75,14400.0,6008.806250096038,33039.859471490876,3436.8250125204077,2571.9812375756314,True,0.012444444444444444,0.0,0.0,0,0,0.0,0.0,0.0,0.0
0,sweet_170_skew15_w60,rl_pstack_b13_full_segment_vsl_certificate_v3,rl_pstack_b13_full_segment_vsl_certificate_v3,75,14400.0,4618.538211387865,33020.271883145,2774.7207806382744,1843.8174307495901,True,0.1527111111111111,0.0,0.0,0,0,0.0,0.0,0.0,0.0
0,sweet_170_w60,rl_pstack_b13_full_segment_vsl_certificate_v3,rl_pstack_b13_full_segment_vsl_certificate_v3,75,14400.0,4532.9993004122925,33036.4702193143,2774.625385015942,1758.3739153963509,True,0.02897777777777778,0.0,0.0,0,0,0.0,0.0,0.0,0.0
0,sweet_190_w60,rl_pstack_b13_full_segment_vsl_certificate_v3,rl_pstack_b13_full_segment_vsl_certificate_v3,75,14400.0,6859.879834322205,35311.041546742636,3928.795711717886,2931.084122604319,True,0.0019555555555555554,0.0,0.0,0,0,0.0,0.0,0.0,0.0
1,sweet_155_w60,rl_pstack_b13_full_segment_vsl_certificate_v3,rl_pstack_b13_full_segment_vsl_certificate_v3,75,14400.0,3048.2269372815113,31332.340919770868,1846.7788638946308,1201.4480733868804,True,0.060088888888888886,0.0,0.0,0,0,0.0,0.0,0.0,0.0
1,sweet_170_incident_w60,rl_pstack_b13_full_segment_vsl_certificate_v3,rl_pstack_b13_full_segment_vsl_certificate_v3,75,14400.0,5934.469598793646,33034.85816306871,3408.9303605631826,2525.539238230463,True,0.021333333333333333,0.0,0.0,0,0,0.0,0.0,0.0,0.0
1,sweet_170_skew15_w60,rl_pstack_b13_full_segment_vsl_certificate_v3,rl_pstack_b13_full_segment_vsl_certificate_v3,75,14400.0,4609.291210148685,33035.24015952951,2792.7765086324944,1816.5147015161913,True,0.013155555555555556,0.0,0.0,0,0,0.0,0.0,0.0,0.0
1,sweet_170_w60,rl_pstack_b13_full_segment_vsl_certificate_v3,rl_pstack_b13_full_segment_vsl_certificate_v3,75,14400.0,4618.610057652456,33038.99802129752,2818.5205955062634,1800.0894621461932,True,0.05315555555555555,0.0,0.0,0,0,0.0,0.0,0.0,0.0
1,sweet_190_w60,rl_pstack_b13_full_segment_vsl_certificate_v3,rl_pstack_b13_full_segment_vsl_certificate_v3,75,14400.0,6791.208162972327,35311.28207425675,3909.3898920218703,2881.818270950457,True,0.07733333333333334,0.0,0.0,0,0,0.0,0.0,0.0,0.0
2,sweet_155_w60,rl_pstack_b13_full_segment_vsl_certificate_v3,rl_pstack_b13_full_segment_vsl_certificate_v3,75,14400.0,2951.671307784473,31332.430855174884,1805.837943437661,1145.833364346812,True,0.004266666666666667,0.0,0.0,0,0,0.0,0.0,0.0,0.0
2,sweet_170_incident_w60,rl_pstack_b13_full_segment_vsl_certificate_v3,rl_pstack_b13_full_segment_vsl_certificate_v3,75,14400.0,5985.295622026047,33038.942732454205,3410.482926301732,2574.8126957243144,True,0.08888888888888889,0.0,0.0,0,0,0.0,0.0,0.0,0.0
2,sweet_170_skew15_w60,rl_pstack_b13_full_segment_vsl_certificate_v3,rl_pstack_b13_full_segment_vsl_certificate_v3,75,14400.0,4578.001462789275,33036.35259700056,2784.2042839066517,1793.7971788826235,True,0.007466666666666667,0.0,0.0,0,0,0.0,0.0,0.0,0.0
2,sweet_170_w60,rl_pstack_b13_full_segment_vsl_certificate_v3,rl_pstack_b13_full_segment_vsl_certificate_v3,75,14400.0,4538.140935208327,33038.583636051546,2778.0738678599864,1760.067067348343,True,0.016888888888888887,0.0,0.0,0,0,0.0,0.0,0.0,0.0
2,sweet_190_w60,rl_pstack_b13_full_segment_vsl_certificate_v3,rl_pstack_b13_full_segment_vsl_certificate_v3,75,14400.0,6740.865150458249,35325.11343301153,3896.5658355952983,2844.299314862951,True,0.02311111111111111,0.0,0.0,0,0,0.0,0.0,0.0,0.0
